{
    "Bases":{
        "B0": [383.47683931, 315.49097462 ,  0        ],
        "B1": [348.47683931, 307.49097462,   0        ] 
    },
    "Towers": {
        "List": {
            "T1": [576.33090393, 294.62711692,   0        ],
            "T2": [480.06536358, 256.94868054,   0        ],
            "T3": [389.75684347, 220.91416043,   0        ],
            "T4": [299.28261351, 185.01877572,   0        ],
            "T5": [205.49035153, 152.10076351,   0        ],
            "T6": [ 50        ,  57.95999446,    0        ],
            "T7": [146.16899168, 462.09597671,   0        ],
            "T8": [132.20228483, 309.85315634,   0        ],
            "T9": [110.70161197, 133.64409078,   0        ],
            "T10":[107.92036893, 108.39395645,   0        ],
            "T11":[186.1435496 ,  50         ,   0        ],
            "T12":[353.22336328,  61.06642685,   0        ],
            "T13":[566.9716057 ,  72.34576347,   0        ]
        },
        "Lines": [["T7", "T8"], ["T8", "T9"], ["T9", "T10"], ["T10", "T6"],
        ["T6", "T11"], ["T11", "T12"], ["T12", "T13"], ["T6", "T5"],
        ["T5", "T4"], ["T4", "T3"], ["T3", "T2"], ["T2", "T1"]]
    },
    "UAVs": {
        "0": {
            "Model": "A",
            "Base": "B0"
        },
        "1": {
            "Model": "A",
            "Base": "B1"
        }
    },
    "Tasks": {
        "tS1":{"inspection_of": ["T4","T5"]},
        "tS2":{"inspection_of": ["T7", "T8"]},
        "tS3":{"inspection_of": ["T8", "T9"]},
        "tS4":{"inspection_of": ["T9", "T10"]},
        "tS5":{"inspection_of": ["T10", "T6"]},
        "tS6":{"inspection_of": ["T6", "T11"]},
        "tS7":{"inspection_of": ["T11", "T12"]},
        "tS8":{"inspection_of": ["T12", "T13"]},
        "tS9":{"inspection_of": ["T6", "T5"]},
        "tS10":{"inspection_of":["T4", "T3"]},
        "tS11":{"inspection_of":["T3", "T2"]},
        "tS12":{"inspection_of":["T2", "T1"]}
    },
    "_comment": [
        " For linear inspection, the direction of inspection must be given",
        "   - U: As given in the Tasks section",
        "   - D: In reverse",
        " To consider any direction, the 4 cases must be included"
    ],
    "Wind": [1, -2, 0]
}