{
    "Bases": {
        "B": [4091763.3267208, 4361545.4235238, 64.28099823]
    },
    "UAVs": {
        "Day1": {
            "Model": "Human",
            "Base": "B"
        },
        "Day2": {
            "Model": "Human",
            "Base": "B",
            "Max Cost": 7500
        }
        ,
        "Day3": {
            "Model": "Human",
            "Base": "B",
            "Max Cost": 7500
        }
    },
    "Wind": [
        0,
        0,
        0
    ],
    "Towers": {
        "List": {
            "P2": [4097092.87292967, 4364699.73143087, 152.92399597],
            "P3": [4096422.21052748, 4358273.47724659,     371.32589722],
            "P4": [4091731.2632918,  4364219.03632317,      44.90077209],
            "P5": [4090499.11124279, 4364065.15091309,      22.80345154],
            "P6": [4090662.46839911, 4362851.10798663,      34.81513596],
            "P7": [4089382.85821465, 4360059.11001339,      13.19665051],
            "P8": [4090117.06586111, 4359524.74254743,      33.37061691],
            "P9": [4090528.32350731, 4361982.36389766,      22.7140007 ],
            "P10": [4089672.15165379, 4359391.85031318,      22.20015335],
            "P11": [4089612.50410104, 4360274.34200035,       0.0       ],
            "P12": [4089953.59015329, 4361393.09589807,       0.0       ],
            "P13": [4090053.86163805, 4362296.71703186,      17.67584038],
            "P14": [4089872.30691423, 4363421.04278164,       4.60776567],
            "P15": [4090335.93898606, 4363163.90803219,      17.54689026],
            "P16": [4090647.85820836, 4362542.11799885,      31.05214691],
            "P17": [4091152.7901795,  4361883.9930079,      41.60964584],
            "P18": [4090690.01152092, 4362221.05585492,      19.0398407 ],
            "P19": [4092181.87173434, 4360201.82209173,      53.42458344],
            "P20": [4090143.44861188, 4363246.22036027,      12.39389896]
        },
        "Lines": {}
    },
    "Tasks": {
        "tP2": {
            "custom_task_at": "P2",
            "cost": {
                "0": 0,
                "1": 0,
                "3": 0,
                "4": 0,
                "5": 0
            }
        },
        "tP3": {
            "custom_task_at": "P3",
            "cost": {
                "0": 0,
                "1": 0,
                "3": 0,
                "4": 0,
                "5": 0
            }
        },
        "tP4": {
            "custom_task_at": "P4",
            "cost": {
                "0": 0,
                "1": 0,
                "3": 0,
                "4": 0,
                "5": 0
            }
        },
        "tP5": {
            "custom_task_at": "P5",
            "cost": {
                "0": 0,
                "1": 0,
                "3": 0,
                "4": 0,
                "5": 0
            }
        },
        "tP6": {
            "custom_task_at": "P6",
            "cost": {
                "0": 0,
                "1": 0,
                "3": 0,
                "4": 0,
                "5": 0
            }
        },
        "tP7": {
            "custom_task_at": "P7",
            "cost": {
                "0": 0,
                "1": 0,
                "3": 0,
                "4": 0,
                "5": 0
            }
        },
        "tP8": {
            "custom_task_at": "P8",
            "cost": {
                "0": 0,
                "1": 0,
                "3": 0,
                "4": 0,
                "5": 0
            }
        },
        "tP9": {
            "custom_task_at": "P9",
            "cost": {
                "0": 0,
                "1": 0,
                "3": 0,
                "4": 0,
                "5": 0
            }
        },
        "tP10": {
            "custom_task_at": "P10",
            "cost": {
                "0": 0,
                "1": 0,
                "3": 0,
                "4": 0,
                "5": 0
            }
        },
        "tP11": {
            "custom_task_at": "P11",
            "cost": {
                "0": 0,
                "1": 0,
                "3": 0,
                "4": 0,
                "5": 0
            }
        },
        "tP12": {
            "custom_task_at": "P12",
            "cost": {
                "0": 0,
                "1": 0,
                "3": 0,
                "4": 0,
                "5": 0
            }
        },
        "tP13": {
            "custom_task_at": "P13",
            "cost": {
                "0": 0,
                "1": 0,
                "3": 0,
                "4": 0,
                "5": 0
            }
        },
        "tP14": {
            "custom_task_at": "P14",
            "cost": {
                "0": 0,
                "1": 0,
                "3": 0,
                "4": 0,
                "5": 0
            }
        },
        "tP15": {
            "custom_task_at": "P15",
            "cost": {
                "0": 0,
                "1": 0,
                "3": 0,
                "4": 0,
                "5": 0
            }
        },
        "tP16": {
            "custom_task_at": "P16",
            "cost": {
                "0": 0,
                "1": 0,
                "3": 0,
                "4": 0,
                "5": 0
            }
        },
        "tP17": {
            "custom_task_at": "P17",
            "cost": {
                "0": 0,
                "1": 0,
                "3": 0,
                "4": 0,
                "5": 0
            }
        },
        "tP18": {
            "custom_task_at": "P18",
            "cost": {
                "0": 0,
                "1": 0,
                "3": 0,
                "4": 0,
                "5": 0
            }
        },
        "tP19": {
            "custom_task_at": "P19",
            "cost": {
                "0": 0,
                "1": 0,
                "3": 0,
                "4": 0,
                "5": 0
            }
        },
        "tP20": {
            "custom_task_at": "P20",
            "cost": {
                "0": 0,
                "1": 0,
                "3": 0,
                "4": 0,
                "5": 0
            }
        }
    }
}